Peptide,A,C,D,E,F,G,H,I,K,L,M,N,P,Q,R,S,T,V,W,Y,X
S,0,0,0,0,0,0,0,0,0,0,0,0,0,0,0,1,0,0,0,0,0
Q,0,0,0,0,0,0,0,0,0,0,0,0,0,1,0,0,0,0,0,0,0
G,0,0,0,0,0,1,0,0,0,0,0,0,0,0,0,0,0,0,0,0,0
L,0,0,0,0,0,0,0,0,0,1,0,0,0,0,0,0,0,0,0,0,0
G,0,0,0,0,0,1,0,0,0,0,0,0,0,0,0,0,0,0,0,0,0
G,0,0,0,0,0,1,0,0,0,0,0,0,0,0,0,0,0,0,0,0,0
H,0,0,0,0,0,0,1,0,0,0,0,0,0,0,0,0,0,0,0,0,0
Y,0,0,0,0,0,0,0,0,0,0,0,0,0,0,0,0,0,0,0,1,0
A,1,0,0,0,0,0,0,0,0,0,0,0,0,0,0,0,0,0,0,0,0
D,0,0,1,0,0,0,0,0,0,0,0,0,0,0,0,0,0,0,0,0,0
S,0,0,0,0,0,0,0,0,0,0,0,0,0,0,0,1,0,0,0,0,0
Y,0,0,0,0,0,0,0,0,0,0,0,0,0,0,0,0,0,0,0,1,0
L,0,0,0,0,0,0,0,0,0,1,0,0,0,0,0,0,0,0,0,0,0
K,0,0,0,0,0,0,0,0,1,0,0,0,0,0,0,0,0,0,0,0,0
R,0,0,0,0,0,0,0,0,0,0,0,0,0,0,1,0,0,0,0,0,0
K,0,0,0,0,0,0,0,0,1,0,0,0,0,0,0,0,0,0,0,0,0
R,0,0,0,0,0,0,0,0,0,0,0,0,0,0,1,0,0,0,0,0,0
I,0,0,0,0,0,0,0,1,0,0,0,0,0,0,0,0,0,0,0,0,0
F,0,0,0,0,1,0,0,0,0,0,0,0,0,0,0,0,0,0,0,0,0
X,0,0,0,0,0,0,0,0,0,0,0,0,0,0,0,0,0,0,0,0,1
X,0,0,0,0,0,0,0,0,0,0,0,0,0,0,0,0,0,0,0,0,1
X,0,0,0,0,0,0,0,0,0,0,0,0,0,0,0,0,0,0,0,0,1
X,0,0,0,0,0,0,0,0,0,0,0,0,0,0,0,0,0,0,0,0,1
X,0,0,0,0,0,0,0,0,0,0,0,0,0,0,0,0,0,0,0,0,1
X,0,0,0,0,0,0,0,0,0,0,0,0,0,0,0,0,0,0,0,0,1
X,0,0,0,0,0,0,0,0,0,0,0,0,0,0,0,0,0,0,0,0,1
X,0,0,0,0,0,0,0,0,0,0,0,0,0,0,0,0,0,0,0,0,1
X,0,0,0,0,0,0,0,0,0,0,0,0,0,0,0,0,0,0,0,0,1
X,0,0,0,0,0,0,0,0,0,0,0,0,0,0,0,0,0,0,0,0,1
X,0,0,0,0,0,0,0,0,0,0,0,0,0,0,0,0,0,0,0,0,1
X,0,0,0,0,0,0,0,0,0,0,0,0,0,0,0,0,0,0,0,0,1
